Description ID,Dialogue ID,Turn ID,Gender,Nativity,"seq_type (I,S)","risk(1,2)",Inaccurate,Ambiguous,unint part,#reasonable interps,#perf interps,"Action (1,2,3,4,5) Annotator 1","Action (1,2,3,4,5) Annotator 2"
description-SP1-AW7-A-1-L,1,1,Male,Native,I,1,0,0,NO,1,1,1,1
description-SP1-AW7-A-1-H,1,2,Male,Native,I,2,0,0,NO,1,1,2,2
description-SP1-AW7-B-1-L,1,3,Male,Native,I,1,0,0,OBJ,2,0,3,2
description-SP1-AW7-B-1-H,1,4,Male,Native,I,2,0,0,OBJ,2,0,3,2
description-SP1-AW7-B-2-L,37,3,Female,NonNative,I,1,0,0,NO,2,0,1,2
description-SP1-AW7-B-2-H,37,4,Female,NonNative,I,2,0,0,NO,2,0,1,2
description-SP1-AW7-C-1-L,1,5,Male,Native,I,1,0,0,NO,1,1,3,1
description-SP1-AW7-C-1-H,1,6,Male,Native,I,2,0,0,NO,1,1,3,2
description-SP1-AW7-D-1-L,1,7,Male,Native,I,1,0,0,NO,1,1,1,1
description-SP1-AW7-D-1-H,1,8,Male,Native,I,2,0,0,NO,1,1,1,1
description-SP1-AW7-E-1-L,1,9,Male,Native,I,1,0,1,NO,2,2,3,3
description-SP1-AW7-E-1-H,1,10,Male,Native,I,2,0,1,NO,2,2,3,3
description-SP1-AW7-F-1-L,1,11,Male,Native,I,1,0,0,NO,1,1,3,1
description-SP1-AW7-F-1-H,1,12,Male,Native,I,2,0,0,NO,1,1,3,3
description-SP1-AW7-F-2-L,38,11,Male,NonNative,I,1,0,0,NO,1,1,1,1
description-SP1-AW7-F-2-H,38,12,Male,NonNative,I,2,0,0,NO,1,1,1,1
description-SP1-AW7-G-1-L,1,13,Male,Native,I,1,0,0,NO,1,1,2,1
description-SP1-AW7-G-1-H,1,14,Male,Native,I,2,0,0,NO,1,1,2,2
description-SP1-AW7-H-1-L,1,15,Male,Native,I,1,0,0,NO,1,1,5,1
description-SP1-AW7-H-1-H,1,16,Male,Native,I,2,0,0,NO,1,1,5,2
description-SP1-AW7-I-1-L,1,17,Male,Native,I,1,0,1,NO,2,2,4,3
description-SP1-AW7-I-1-H,1,18,Male,Native,I,2,0,1,NO,2,2,4,4
description-SP1-AW7-J-1-L,1,19,Male,Native,I,1,0,1,NO,1,1,3,5
description-SP1-AW7-J-1-H,1,20,Male,Native,I,2,0,1,NO,1,1,3,1
description-SP1-AW7-K-1-L,1,21,Male,Native,I,1,0,0,NO,1,1,1,2
description-SP1-AW7-K-1-H,1,22,Male,Native,I,2,0,0,NO,1,1,2,3
description-SP1-AW7-L-1-L,1,23,Male,Native,I,1,0,1,OBJ,7,0,3,3
description-SP1-AW7-L-1-H,1,24,Male,Native,I,2,0,1,OBJ,7,0,3,3
description-SP1-AW7-L-2-L,9,12,Female,Native,S,1,0,1,OBJ,7,0,3,3
description-SP1-AW7-L-2-H,9,24,Female,Native,S,2,0,1,OBJ,7,0,3,3
description-SP1-AW7-L-3-L,38,23,Male,NonNative,I,1,0,1,OBJ,7,0,4,3
description-SP1-AW7-L-3-H,38,24,Male,NonNative,I,2,0,1,OBJ,7,0,3,1
description-SP3-AW7-D-1-L,39,7,Male,NonNative,I,1,0,0,NO,1,1,1,1
description-SP3-AW7-D-1-H,39,8,Male,NonNative,I,2,0,0,NO,1,1,1,1
description-SP3-AW7-G-1-L,39,13,Male,NonNative,I,1,0,0,NO,1,1,2,1
description-SP3-AW7-G-1-H,39,14,Male,NonNative,I,2,0,0,NO,1,1,3,1
description-SP3-AW7-L-1-L,39,23,Male,NonNative,I,1,0,0,NO,1,1,2,1
description-SP3-AW7-L-1-H,39,24,Male,NonNative,I,2,0,0,NO,1,1,3,5
description-SP4-AW7-A-1-L,23,1,Female,Native,I,1,0,0,ALL,0,0,4,2
description-SP4-AW7-A-1-H,23,2,Female,Native,I,2,0,0,ALL,0,0,2,4
description-SP4-AW7-A-2-L,40,1,Male,Native,S,1,0,0,OBJ,3,0,4,4
description-SP4-AW7-A-2-H,40,13,Male,Native,S,2,0,0,OBJ,3,0,4,1
description-SP4-AW7-B-1-L,23,3,Female,Native,I,1,0,0,NO,1,1,1,1
description-SP4-AW7-B-1-H,23,4,Female,Native,I,2,0,0,NO,1,1,1,1
description-SP4-AW7-C-1-L,23,5,Female,Native,I,1,0,0,NO,1,1,1,2
description-SP4-AW7-C-1-H,23,6,Female,Native,I,2,0,0,NO,1,1,1,1
description-SP4-AW7-D-1-L,23,7,Female,Native,I,1,0,0,NO,1,1,1,1
description-SP4-AW7-D-1-H,23,8,Female,Native,I,2,0,0,NO,1,1,1,3
description-SP4-AW7-E-1-L,23,9,Female,Native,I,1,0,1,NO,4,4,4,3
description-SP4-AW7-E-1-H,23,10,Female,Native,I,2,0,1,NO,4,4,3,3
description-SP4-AW7-E-2-L,39,9,Male,NonNative,I,1,1,0,NO,3,0,3,3
description-SP4-AW7-E-2-H,39,10,Male,NonNative,I,2,1,0,NO,3,0,3,3
description-SP4-AW7-F-1-L,23,11,Female,Native,I,1,0,1,NO,2,2,3,3
description-SP4-AW7-F-1-H,23,12,Female,Native,I,2,0,1,NO,2,2,3,1
description-SP4-AW7-G-1-L,23,13,Female,Native,I,1,0,0,NO,1,1,1,1
description-SP4-AW7-G-1-H,23,14,Female,Native,I,2,0,0,NO,1,1,1,1
description-SP4-AW7-H-1-L,23,15,Female,Native,I,1,0,0,NO,1,1,1,1
description-SP4-AW7-H-1-H,23,16,Female,Native,I,2,0,0,NO,1,1,1,3
description-SP4-AW7-I-1-L,23,17,Female,Native,I,1,0,1,NO,3,3,1,3
description-SP4-AW7-I-1-H,23,18,Female,Native,I,2,0,1,NO,3,3,1,1
description-SP4-AW7-J-1-L,23,19,Female,Native,I,1,0,0,NO,1,1,1,1
description-SP4-AW7-J-1-H,23,20,Female,Native,I,2,0,0,NO,1,1,1,1
description-SP4-AW7-K-1-L,23,21,Female,Native,I,1,0,0,NO,1,1,1,1
description-SP4-AW7-K-1-H,23,22,Female,Native,I,2,0,0,NO,1,1,1,1
description-SP2-AW7-A-1-L,5,1,Female,Native,I,1,0,0,OBJ,1,0,1,1
description-SP2-AW7-A-1-H,5,2,Female,Native,I,2,0,0,OBJ,1,0,1,2
description-SP2-AW7-A-2-L,12,1,Female,Native,I,1,0,0,OBJ,3,0,2,2
description-SP2-AW7-A-2-H,12,2,Female,Native,I,2,0,0,OBJ,3,0,2,1
description-SP2-AW7-A-3-L,37,1,Female,NonNative,I,1,0,0,NO,1,1,1,1
description-SP2-AW7-A-3-H,37,2,Female,NonNative,I,2,0,0,NO,1,1,1,1
description-SP2-AW7-B-1-L,5,3,Female,Native,I,1,0,0,NO,1,1,1,1
description-SP2-AW7-B-1-H,5,4,Female,Native,I,2,0,0,NO,1,1,1,3
description-SP2-AW7-C-1-L,5,5,Female,Native,I,1,0,1,NO,2,2,3,3
description-SP2-AW7-C-1-H,5,6,Female,Native,I,2,0,1,NO,2,2,3,1
description-SP2-AW7-D-1-L,5,7,Female,Native,I,1,0,0,NO,1,1,1,1
description-SP2-AW7-D-1-H,5,8,Female,Native,I,2,0,0,NO,1,1,1,1
description-SP2-AW7-D-2-L,37,7,Female,NonNative,I,1,0,0,NO,1,1,1,1
description-SP2-AW7-D-2-H,37,8,Female,NonNative,I,2,0,0,NO,1,1,1,3
description-SP2-AW7-E-1-L,5,9,Female,Native,I,1,0,0,OBJ,2,0,3,4
description-SP2-AW7-E-1-H,5,10,Female,Native,I,2,0,0,OBJ,2,0,3,2
description-SP2-AW7-E-2-L,37,9,Female,NonNative,I,1,0,0,NO,2,1,2,2
description-SP2-AW7-E-2-H,37,10,Female,NonNative,I,2,0,0,NO,2,1,3,5
description-SP2-AW7-F-1-L,5,11,Female,Native,I,1,0,0,NO,2,1,4,5
description-SP2-AW7-F-1-H,5,12,Female,Native,I,2,0,0,NO,2,1,4,5
description-SP2-AW7-F-2-L,37,11,Female,NonNative,I,1,0,0,OBJ,0,0,3,5
description-SP2-AW7-F-2-H,37,12,Female,NonNative,I,2,0,0,OBJ,0,0,3,2
description-SP2-AW7-F-3-L,40,6,Male,Native,S,1,0,0,OBJ,2,0,2,2
description-SP2-AW7-F-3-H,40,18,Male,Native,S,2,0,0,OBJ,2,0,2,1
description-SP2-AW7-G-1-L,5,13,Female,Native,I,1,0,0,LND,1,0,1,1
description-SP2-AW7-G-1-H,5,14,Female,Native,I,2,0,0,LND,1,0,4,1
description-SP2-AW7-G-2-L,16,17,Female,NonNative,I,1,0,0,NO,1,1,1,1
description-SP2-AW7-G-2-H,16,18,Female,NonNative,I,2,0,0,NO,1,1,1,5
description-SP2-AW7-I-1-L,5,17,Female,Native,I,1,0,1,NO,3,0,3,5
description-SP2-AW7-I-1-H,5,18,Female,Native,I,2,0,1,NO,3,0,3,1
description-SP2-AW7-J-1-L,5,19,Female,Native,I,1,0,0,NO,1,1,1,2
description-SP2-AW7-J-1-H,5,20,Female,Native,I,2,0,0,NO,1,1,1,1
description-SP2-AW7-K-1-L,5,21,Female,Native,I,1,0,0,NO,1,1,1,1
description-SP2-AW7-K-1-H,5,22,Female,Native,I,2,0,0,NO,1,1,1,1
description-SP2-AW7-L-1-L,5,23,Female,Native,I,1,0,0,NO,1,1,1,1
description-SP2-AW7-L-1-H,5,24,Female,Native,I,2,0,0,NO,1,1,1,4
description-SP5-AW7-A-1-L,26,1,Female,NonNative,I,1,0,0,OBJ,3,0,2,4
description-SP5-AW7-A-1-H,26,2,Female,NonNative,I,2,0,0,OBJ,3,0,4,1
description-SP5-AW7-B-1-L,26,3,Female,NonNative,I,1,0,0,NO,1,1,1,1
description-SP5-AW7-B-1-H,26,4,Female,NonNative,I,2,0,0,NO,1,1,1,3
description-SP5-AW7-C-1-L,26,5,Female,NonNative,I,1,0,1,NO,2,2,3,3
description-SP5-AW7-C-1-H,26,6,Female,NonNative,I,2,0,1,NO,2,2,3,1
description-SP5-AW7-D-1-L,26,7,Female,NonNative,I,1,0,0,NO,1,1,1,1
description-SP5-AW7-D-1-H,26,8,Female,NonNative,I,2,0,0,NO,1,1,1,3
description-SP5-AW7-E-1-L,26,9,Female,NonNative,I,1,0,1,NO,4,4,3,3
description-SP5-AW7-E-1-H,26,10,Female,NonNative,I,2,0,1,NO,4,4,3,3
description-SP5-AW7-F-1-L,26,11,Female,NonNative,I,1,0,1,NO,2,2,3,3
description-SP5-AW7-F-1-H,26,12,Female,NonNative,I,2,0,1,NO,2,2,3,1
description-SP5-AW7-G-1-L,26,13,Female,NonNative,I,1,0,0,NO,1,1,1,1
description-SP5-AW7-G-1-H,26,14,Female,NonNative,I,2,0,0,NO,1,1,2,1
description-SP5-AW7-H-1-L,26,15,Female,NonNative,I,1,0,0,NO,1,1,1,1
description-SP5-AW7-H-1-H,26,16,Female,NonNative,I,2,0,0,NO,1,1,3,3
description-SP5-AW7-I-1-L,26,17,Female,NonNative,I,1,0,1,NO,2,2,3,3
description-SP5-AW7-I-1-H,26,18,Female,NonNative,I,2,0,1,NO,2,2,3,1
description-SP5-AW7-J-1-L,26,19,Female,NonNative,I,1,0,0,NO,2,1,1,1
description-SP5-AW7-J-1-H,26,20,Female,NonNative,I,2,0,0,NO,2,1,1,1
description-SP5-AW7-J-2-L,38,19,Male,NonNative,I,1,0,0,NO,2,1,1,1
description-SP5-AW7-J-2-H,38,20,Male,NonNative,I,2,0,0,NO,2,1,1,2
description-SP5-AW7-K-1-L,26,21,Female,NonNative,I,1,0,0,NO,1,1,1,2
description-SP5-AW7-K-1-H,26,22,Female,NonNative,I,2,0,0,NO,1,1,1,1
description-SP5-AW7-L-1-L,26,23,Female,NonNative,I,1,0,0,NO,1,1,1,1
description-SP5-AW7-L-1-H,26,24,Female,NonNative,I,2,0,0,NO,1,1,1,1
description-SP6-AW7-A-1-L,25,1,Female,Native,S,1,0,0,NO,1,1,2,1
description-SP6-AW7-A-1-H,25,13,Female,Native,S,2,0,0,NO,1,1,4,1
description-SP6-AW7-B-1-L,25,2,Female,Native,S,1,0,0,NO,1,1,4,1
description-SP6-AW7-B-1-H,25,14,Female,Native,S,2,0,0,NO,1,1,3,4
description-SP6-AW7-C-1-L,25,3,Female,Native,S,1,0,1,OBJ,2,0,3,4
description-SP6-AW7-C-1-H,25,15,Female,Native,S,2,0,1,OBJ,2,0,3,1
description-SP6-AW7-D-1-L,25,4,Female,Native,S,1,0,0,NO,1,1,1,1
description-SP6-AW7-D-1-H,25,16,Female,Native,S,2,0,0,NO,1,1,2,3
description-SP6-AW7-E-1-L,25,5,Female,Native,S,1,0,1,OBJ,2,0,3,3
description-SP6-AW7-E-1-H,25,17,Female,Native,S,2,0,1,OBJ,2,0,3,3
description-SP6-AW7-F-1-L,25,6,Female,Native,S,1,0,1,NO,2,2,3,3
description-SP6-AW7-F-1-H,25,18,Female,Native,S,2,0,1,NO,2,2,5,1
description-SP6-AW7-G-1-L,25,7,Female,Native,S,1,0,0,OBJ,1,0,1,1
description-SP6-AW7-G-1-H,25,19,Female,Native,S,2,0,0,OBJ,1,0,3,1
description-SP6-AW7-H-1-L,25,8,Female,Native,S,1,0,0,OBJ,1,0,1,1
description-SP6-AW7-H-1-H,25,20,Female,Native,S,2,0,0,OBJ,1,0,3,1
description-SP6-AW7-J-1-L,25,10,Female,Native,S,1,0,0,NO,1,1,1,1
description-SP6-AW7-J-1-H,25,22,Female,Native,S,2,0,0,NO,1,1,2,1
description-SP6-AW7-K-1-L,25,11,Female,Native,S,1,0,0,NO,1,1,1,1
description-SP6-AW7-K-1-H,25,23,Female,Native,S,2,0,0,NO,1,1,1,1
description-SP7-AW7-B-1-L,2,3,Female,NonNative,I,1,0,0,NO,1,1,4,2
description-SP7-AW7-B-1-H,2,4,Female,NonNative,I,2,0,0,NO,1,1,4,3
description-SP7-AW7-C-1-L,2,5,Female,NonNative,I,1,0,1,NO,2,2,3,3
description-SP7-AW7-C-1-H,2,6,Female,NonNative,I,2,0,1,NO,2,2,4,1
description-SP7-AW7-D-1-L,2,7,Female,NonNative,I,1,0,0,NO,1,1,1,1
description-SP7-AW7-D-1-H,2,8,Female,NonNative,I,2,0,0,NO,1,1,1,1
description-SP7-AW7-E-1-L,2,9,Female,NonNative,I,1,0,0,OBJ,1,0,1,2
description-SP7-AW7-E-1-H,2,10,Female,NonNative,I,2,0,0,OBJ,1,0,1,3
description-SP7-AW7-F-1-L,2,11,Female,NonNative,I,1,1,0,NO,2,0,3,1
description-SP7-AW7-F-1-H,2,12,Female,NonNative,I,2,1,0,NO,2,0,3,2
description-SP7-AW7-G-1-L,2,13,Female,NonNative,I,1,0,0,OBJ,1,0,4,2
description-SP7-AW7-G-1-H,2,14,Female,NonNative,I,2,0,0,OBJ,1,0,4,3
description-SP7-AW7-I-1-L,2,17,Female,NonNative,I,1,0,1,OBJ,3,0,3,3
description-SP7-AW7-I-1-H,2,18,Female,NonNative,I,2,0,1,OBJ,3,0,3,1
description-SP7-AW7-J-1-L,2,19,Female,NonNative,I,1,0,0,NO,1,1,1,1
description-SP7-AW7-J-1-H,2,20,Female,NonNative,I,2,0,0,NO,1,1,1,1
description-SP7-AW7-K-1-L,2,21,Female,NonNative,I,1,0,0,NO,1,1,2,2
description-SP7-AW7-K-1-H,2,22,Female,NonNative,I,2,0,0,NO,1,1,2,1
description-SP7-AW7-K-2-L,38,21,Male,NonNative,I,1,0,0,NO,1,1,1,1
description-SP7-AW7-K-2-H,38,22,Male,NonNative,I,2,0,0,NO,1,1,1,1
description-SP7-AW7-L-1-L,2,23,Female,NonNative,I,1,0,0,NO,1,1,1,1
description-SP7-AW7-L-1-H,2,24,Female,NonNative,I,2,0,0,NO,1,1,2,1
description-SP8-AW7-A-1-L,3,1,Male,NonNative,I,1,0,0,NO,1,1,1,1
description-SP8-AW7-A-1-H,3,2,Male,NonNative,I,2,0,0,NO,1,1,2,1
description-SP8-AW7-B-1-L,3,3,Male,NonNative,I,1,0,0,NO,1,1,1,1
description-SP8-AW7-B-1-H,3,4,Male,NonNative,I,2,0,0,NO,1,1,1,1
description-SP8-AW7-B-2-L,40,2,Male,Native,S,1,0,0,NO,1,1,1,1
description-SP8-AW7-B-2-H,40,14,Male,Native,S,2,0,0,NO,1,1,1,1
description-SP8-AW7-C-1-L,3,5,Male,NonNative,I,1,0,0,NO,1,1,2,1
description-SP8-AW7-C-1-H,3,6,Male,NonNative,I,2,0,0,NO,1,1,2,1
description-SP8-AW7-D-1-L,3,7,Male,NonNative,I,1,0,1,NO,1,1,3,1
description-SP8-AW7-D-1-H,3,8,Male,NonNative,I,2,0,1,NO,1,1,3,1
description-SP8-AW7-D-2-L,40,4,Male,Native,S,1,0,0,NO,1,1,1,1
description-SP8-AW7-D-2-H,40,16,Male,Native,S,2,0,0,NO,1,1,1,2
description-SP8-AW7-E-1-L,3,9,Male,NonNative,I,1,0,0,OBJ,1,0,3,2
description-SP8-AW7-E-1-H,3,10,Male,NonNative,I,2,0,0,OBJ,1,0,3,1
description-SP8-AW7-E-2-L,40,5,Male,Native,S,1,0,0,NO,1,1,1,1
description-SP8-AW7-E-2-H,40,17,Male,Native,S,2,0,0,NO,1,1,1,1
description-SP8-AW7-F-1-L,3,11,Male,NonNative,I,1,0,0,NO,1,1,4,4
description-SP8-AW7-F-1-H,3,12,Male,NonNative,I,2,0,0,NO,1,1,4,2
description-SP8-AW7-G-1-L,3,13,Male,NonNative,I,1,0,0,OTH,1,0,5,2
description-SP8-AW7-G-1-H,3,14,Male,NonNative,I,2,0,0,OTH,1,0,5,2
description-SP8-AW7-G-2-L,37,13,Female,NonNative,I,1,0,0,OBJ,1,0,2,2
description-SP8-AW7-G-2-H,37,14,Female,NonNative,I,2,0,0,OBJ,1,0,3,2
description-SP8-AW7-G-3-L,38,13,Male,NonNative,I,1,0,0,OTH,1,0,1,2
description-SP8-AW7-G-3-H,38,14,Male,NonNative,I,2,0,0,OTH,1,0,2,1
description-SP8-AW7-H-1-L,3,15,Male,NonNative,I,1,0,0,NO,1,1,2,1
description-SP8-AW7-H-1-H,3,16,Male,NonNative,I,2,0,0,NO,1,1,4,1
description-SP8-AW7-J-1-L,3,19,Male,NonNative,I,1,0,0,NO,1,1,1,1
description-SP8-AW7-J-1-H,3,20,Male,NonNative,I,2,0,0,NO,1,1,1,1
description-SP8-AW7-K-1-L,3,21,Male,NonNative,I,1,0,0,NO,1,1,1,1
description-SP8-AW7-K-1-H,3,22,Male,NonNative,I,2,0,0,NO,1,1,2,4
description-SP8-AW7-L-1-L,3,23,Male,NonNative,I,1,0,0,OBJ,2,0,5,4
description-SP8-AW7-L-1-H,3,24,Male,NonNative,I,2,0,0,OBJ,2,0,5,1
description-SP9-AW7-A-1-L,4,1,Male,NonNative,I,1,0,0,NO,1,1,1,1
description-SP9-AW7-A-1-H,4,2,Male,NonNative,I,2,0,0,NO,1,1,1,1
description-SP9-AW7-B-1-L,4,3,Male,NonNative,I,1,0,0,NO,1,1,1,1
description-SP9-AW7-B-1-H,4,4,Male,NonNative,I,2,0,0,NO,1,1,1,3
description-SP9-AW7-C-1-L,4,5,Male,NonNative,I,1,0,1,NO,2,2,3,3
description-SP9-AW7-C-1-H,4,6,Male,NonNative,I,2,0,1,NO,2,2,3,1
description-SP9-AW7-D-1-L,4,7,Male,NonNative,I,1,0,0,NO,1,1,1,1
description-SP9-AW7-D-1-H,4,8,Male,NonNative,I,2,0,0,NO,1,1,1,3
description-SP9-AW7-E-1-L,4,9,Male,NonNative,I,1,0,1,NO,2,2,3,3
description-SP9-AW7-E-1-H,4,10,Male,NonNative,I,2,0,1,NO,2,2,3,4
description-SP9-AW7-F-1-L,4,11,Male,NonNative,I,1,1,0,NO,2,0,3,4
description-SP9-AW7-F-1-H,4,12,Male,NonNative,I,2,1,0,NO,2,0,3,1
description-SP9-AW7-G-1-L,4,13,Male,NonNative,I,1,0,0,NO,1,1,3,1
description-SP9-AW7-G-1-H,4,14,Male,NonNative,I,2,0,0,NO,1,1,3,1
description-SP9-AW7-H-1-L,4,15,Male,NonNative,I,1,0,0,NO,1,1,1,1
description-SP9-AW7-H-1-H,4,16,Male,NonNative,I,2,0,0,NO,1,1,2,1
description-SP9-AW7-J-1-L,4,19,Male,NonNative,I,1,0,0,NO,1,1,1,1
description-SP9-AW7-J-1-H,4,20,Male,NonNative,I,2,0,0,NO,1,1,3,1
description-SP9-AW7-K-1-L,4,21,Male,NonNative,I,1,0,0,NO,1,1,1,1
description-SP9-AW7-K-1-H,4,22,Male,NonNative,I,2,0,0,NO,1,1,2,1
description-SP9-AW7-L-1-L,4,23,Male,NonNative,I,1,0,0,NO,1,1,4,1
description-SP9-AW7-L-1-H,4,24,Male,NonNative,I,2,0,0,NO,1,1,4,4
description-SP10-AW7-A-1-L,6,1,Male,NonNative,I,1,0,0,OBJ,3,0,4,4
description-SP10-AW7-A-1-H,6,2,Male,NonNative,I,2,0,0,OBJ,3,0,5,1
description-SP10-AW7-B-1-L,6,3,Male,NonNative,I,1,0,0,NO,1,1,1,1
description-SP10-AW7-B-1-H,6,4,Male,NonNative,I,2,0,0,NO,1,1,1,2
description-SP10-AW7-D-1-L,6,7,Male,NonNative,I,1,0,0,OBJ,1,0,1,2
description-SP10-AW7-D-1-H,6,8,Male,NonNative,I,2,0,0,OBJ,1,0,1,3
description-SP10-AW7-E-1-L,6,9,Male,NonNative,I,1,0,1,NO,2,2,3,3
description-SP10-AW7-E-1-H,6,10,Male,NonNative,I,2,0,1,NO,2,2,3,3
description-SP10-AW7-F-1-L,6,11,Male,NonNative,I,1,0,1,NO,2,2,3,3
description-SP10-AW7-F-1-H,6,12,Male,NonNative,I,2,0,1,NO,2,2,3,1
description-SP10-AW7-G-1-L,6,13,Male,NonNative,I,1,0,0,NO,1,1,1,1
description-SP10-AW7-G-1-H,6,14,Male,NonNative,I,2,0,0,NO,1,1,1,1
description-SP10-AW7-J-1-L,6,19,Male,NonNative,I,1,0,0,NO,1,1,1,1
description-SP10-AW7-J-1-H,6,20,Male,NonNative,I,2,0,0,NO,1,1,1,2
description-SP10-AW7-L-1-L,6,23,Male,NonNative,I,1,0,0,OBJ,1,0,1,2
description-SP10-AW7-L-1-H,6,24,Male,NonNative,I,2,0,0,OBJ,1,0,1,1
description-SP12-AW7-A-1-L,24,1,Male,NonNative,I,1,0,0,NO,1,1,1,1
description-SP12-AW7-A-1-H,24,2,Male,NonNative,I,2,0,0,NO,1,1,1,2
description-SP12-AW7-B-1-L,24,3,Male,NonNative,I,1,1,0,NO,2,0,4,2
description-SP12-AW7-B-1-H,24,4,Male,NonNative,I,2,1,0,NO,2,0,4,3
description-SP12-AW7-C-1-L,24,5,Male,NonNative,I,1,0,1,NO,2,2,3,3
description-SP12-AW7-C-1-H,24,6,Male,NonNative,I,2,0,1,NO,2,2,3,1
description-SP12-AW7-D-1-L,24,7,Male,NonNative,I,1,0,0,NO,1,1,2,1
description-SP12-AW7-D-1-H,24,8,Male,NonNative,I,2,0,0,NO,1,1,2,3
description-SP12-AW7-E-1-L,24,9,Male,NonNative,I,1,0,1,OBJ,2,0,4,3
description-SP12-AW7-E-1-H,24,10,Male,NonNative,I,2,0,1,OBJ,2,0,4,3
description-SP12-AW7-F-1-L,24,11,Male,NonNative,I,1,0,1,NO,2,2,3,3
description-SP12-AW7-F-1-H,24,12,Male,NonNative,I,2,0,1,NO,2,2,3,1
description-SP12-AW7-G-1-L,24,13,Male,NonNative,I,1,0,0,OBJ,1,0,2,1
description-SP12-AW7-G-1-H,24,14,Male,NonNative,I,2,0,0,OBJ,1,0,2,1
description-SP12-AW7-H-1-L,24,15,Male,NonNative,I,1,0,0,NO,1,1,2,1
description-SP12-AW7-H-1-H,24,16,Male,NonNative,I,2,0,0,NO,1,1,2,1
description-SP12-AW7-K-1-L,24,21,Male,NonNative,I,1,0,0,NO,1,1,2,1
description-SP12-AW7-K-1-H,24,22,Male,NonNative,I,2,0,0,NO,1,1,2,3
description-SP12-AW7-L-1-L,24,23,Male,NonNative,I,1,1,0,NO,4,2,3,3
description-SP12-AW7-L-1-H,24,24,Male,NonNative,I,2,1,0,NO,4,2,3,1
description-SP11-AW7-B-1-L,18,3,Male,NonNative,I,1,0,0,NO,1,1,1,1
description-SP11-AW7-B-1-H,18,4,Male,NonNative,I,2,0,0,NO,1,1,3,3
description-SP11-AW7-C-1-L,18,5,Male,NonNative,I,1,0,1,NO,2,2,3,3
description-SP11-AW7-C-1-H,18,6,Male,NonNative,I,2,0,1,NO,2,2,3,1
description-SP11-AW7-E-1-L,18,9,Male,NonNative,I,1,0,0,NO,2,1,2,1
description-SP11-AW7-E-1-H,18,10,Male,NonNative,I,2,0,0,NO,2,1,2,1
description-SP11-AW7-K-1-L,18,21,Male,NonNative,I,1,0,0,NO,1,1,1,1
description-SP11-AW7-K-1-H,18,22,Male,NonNative,I,2,0,0,NO,1,1,1,2
description-SP11-AW7-L-1-L,18,23,Male,NonNative,I,1,0,0,NO,1,1,1,2
description-SP11-AW7-L-1-H,18,24,Male,NonNative,I,2,0,0,NO,1,1,2,1
description-SP13-AW7-A-1-L,7,1,Male,Native,I,1,0,0,NO,1,1,1,1
description-SP13-AW7-A-1-H,7,2,Male,Native,I,2,0,0,NO,1,1,1,1
description-SP13-AW7-B-1-L,7,3,Male,Native,I,1,0,0,NO,1,1,1,1
description-SP13-AW7-B-1-H,7,4,Male,Native,I,2,0,0,NO,1,1,1,3
description-SP13-AW7-C-1-L,7,5,Male,Native,I,1,0,1,NO,2,2,3,3
description-SP13-AW7-C-1-H,7,6,Male,Native,I,2,0,1,NO,2,2,3,1
description-SP13-AW7-D-1-L,7,7,Male,Native,I,1,0,0,NO,1,1,1,1
description-SP13-AW7-D-1-H,7,8,Male,Native,I,2,0,0,NO,1,1,1,1
description-SP13-AW7-E-1-L,7,9,Male,Native,I,1,0,0,NO,1,1,1,1
description-SP13-AW7-E-1-H,7,10,Male,Native,I,2,0,0,NO,1,1,1,1
description-SP13-AW7-F-1-L,7,11,Male,Native,I,1,0,0,NO,1,1,3,1
description-SP13-AW7-F-1-H,7,12,Male,Native,I,2,0,0,NO,1,1,3,1
description-SP13-AW7-G-1-L,7,13,Male,Native,I,1,0,0,NO,1,1,1,1
description-SP13-AW7-G-1-H,7,14,Male,Native,I,2,0,0,NO,1,1,3,1
description-SP13-AW7-J-1-L,7,19,Male,Native,I,1,0,0,NO,1,1,1,1
description-SP13-AW7-J-1-H,7,20,Male,Native,I,2,0,0,NO,1,1,1,2
description-SP13-AW7-K-1-L,7,21,Male,Native,I,1,1,0,NO,3,0,1,2
description-SP13-AW7-K-1-H,7,22,Male,Native,I,2,1,0,NO,3,0,1,1
description-SP13-AW7-L-1-L,7,23,Male,Native,I,1,0,0,NO,1,1,1,1
description-SP13-AW7-L-1-H,7,24,Male,Native,I,2,0,0,NO,1,1,3,1
description-SP15-AW7-A-1-L,9,1,Female,Native,S,1,0,0,NO,1,1,1,1
description-SP15-AW7-A-1-H,9,13,Female,Native,S,2,0,0,NO,1,1,1,2
description-SP15-AW7-B-1-L,9,2,Female,Native,S,1,0,0,NO,2,1,1,2
description-SP15-AW7-B-1-H,9,14,Female,Native,S,2,0,0,NO,2,1,2,3
description-SP15-AW7-C-1-L,9,3,Female,Native,S,1,0,1,NO,2,2,3,3
description-SP15-AW7-C-1-H,9,15,Female,Native,S,2,0,1,NO,2,2,3,1
description-SP15-AW7-D-1-L,9,4,Female,Native,S,1,0,0,NO,1,1,1,1
description-SP15-AW7-D-1-H,9,16,Female,Native,S,2,0,0,NO,1,1,2,3
description-SP15-AW7-E-1-L,9,5,Female,Native,S,1,0,1,NO,2,2,3,3
description-SP15-AW7-E-1-H,9,17,Female,Native,S,2,0,1,NO,2,2,3,3
description-SP15-AW7-F-1-L,9,6,Female,Native,S,1,0,1,NO,2,2,3,3
description-SP15-AW7-F-1-H,9,18,Female,Native,S,2,0,1,NO,2,2,3,1
description-SP15-AW7-G-1-L,9,7,Female,Native,S,1,0,0,NO,1,1,1,1
description-SP15-AW7-G-1-H,9,19,Female,Native,S,2,0,0,NO,1,1,2,3
description-SP15-AW7-H-1-L,9,8,Female,Native,S,1,0,1,NO,2,2,3,3
description-SP15-AW7-H-1-H,9,20,Female,Native,S,2,0,1,NO,2,2,4,1
description-SP15-AW7-J-1-L,9,10,Female,Native,S,1,0,0,NO,1,1,1,1
description-SP15-AW7-J-1-H,9,22,Female,Native,S,2,0,0,NO,1,1,1,1
description-SP15-AW7-K-1-L,9,11,Female,Native,S,1,0,0,NO,1,1,1,1
description-SP15-AW7-K-1-H,9,23,Female,Native,S,2,0,0,NO,1,1,2,1
description-SP16-AW7-A-1-L,10,1,Female,Native,I,1,0,0,NO,1,1,1,1
description-SP16-AW7-A-1-H,10,2,Female,Native,I,2,0,0,NO,1,1,1,2
description-SP16-AW7-B-1-L,10,3,Female,Native,I,1,1,0,NO,1,0,1,2
description-SP16-AW7-B-1-H,10,4,Female,Native,I,2,1,0,NO,1,0,1,1
description-SP16-AW7-D-1-L,10,7,Female,Native,I,1,0,0,NO,1,1,1,1
description-SP16-AW7-D-1-H,10,8,Female,Native,I,2,0,0,NO,1,1,1,2
description-SP16-AW7-E-1-L,10,9,Female,Native,I,1,0,0,OBJ,1,0,1,2
description-SP16-AW7-E-1-H,10,10,Female,Native,I,2,0,0,OBJ,1,0,3,5
description-SP16-AW7-F-1-L,10,11,Female,Native,I,1,0,0,ALL,0,0,3,5
description-SP16-AW7-F-1-H,10,12,Female,Native,I,2,0,0,ALL,0,0,4,1
description-SP16-AW7-G-1-L,10,13,Female,Native,I,1,0,0,NO,1,1,1,1
description-SP16-AW7-G-1-H,10,14,Female,Native,I,2,0,0,NO,1,1,3,1
description-SP16-AW7-H-1-L,10,15,Female,Native,I,1,0,0,OBJ,1,0,1,1
description-SP16-AW7-H-1-H,10,16,Female,Native,I,2,0,0,OBJ,1,0,1,3
description-SP16-AW7-I-1-L,10,17,Female,Native,I,1,0,1,OBJ,3,0,3,3
description-SP16-AW7-I-1-H,10,18,Female,Native,I,2,0,1,OBJ,3,0,3,4
description-SP16-AW7-J-1-L,10,19,Female,Native,I,1,0,0,OBJ,5,0,4,4
description-SP16-AW7-J-1-H,10,20,Female,Native,I,2,0,0,OBJ,5,0,4,1
description-SP16-AW7-K-1-L,10,21,Female,Native,I,1,0,0,NO,1,1,1,1
description-SP16-AW7-K-1-H,10,22,Female,Native,I,2,0,0,NO,1,1,1,4
description-SP16-AW7-L-1-L,10,23,Female,Native,I,1,0,0,OBJ,3,0,1,4
description-SP16-AW7-L-1-H,10,24,Female,Native,I,2,0,0,OBJ,3,0,1,2
description-SP14-AW7-A-1-L,8,1,Male,Native,I,1,0,0,NO,1,1,1,2
description-SP14-AW7-A-1-H,8,2,Male,Native,I,2,0,0,NO,1,1,2,1
description-SP14-AW7-B-2-L,40,11,Male,Native,S,1,0,0,NO,1,1,1,1
description-SP14-AW7-B-2-H,40,23,Male,Native,S,2,0,0,NO,1,1,1,3
description-SP14-AW7-C-1-L,8,5,Male,Native,I,1,0,1,NO,2,2,3,3
description-SP14-AW7-C-1-H,8,6,Male,Native,I,2,0,1,NO,2,2,3,1
description-SP14-AW7-D-1-L,8,7,Male,Native,I,1,0,0,NO,1,1,1,1
description-SP14-AW7-D-1-H,8,8,Male,Native,I,2,0,0,NO,1,1,3,3
description-SP14-AW7-E-1-L,8,9,Male,Native,I,1,0,1,NO,2,2,3,3
description-SP14-AW7-E-1-H,8,10,Male,Native,I,2,0,1,NO,2,2,3,3
description-SP14-AW7-F-1-L,8,11,Male,Native,I,1,0,1,NO,2,2,3,3
description-SP14-AW7-F-1-H,8,12,Male,Native,I,2,0,1,NO,2,2,3,5
description-SP14-AW7-H-1-L,8,15,Male,Native,I,1,0,0,ALL,0,0,1,5
description-SP14-AW7-H-1-H,8,16,Male,Native,I,2,0,0,ALL,0,0,3,4
description-SP14-AW7-I-1-L,8,17,Male,Native,I,1,0,1,NO,2,2,1,4
description-SP14-AW7-I-1-H,8,18,Male,Native,I,2,0,1,NO,2,2,1,2
description-SP14-AW7-J-2-L,37,19,Female,NonNative,I,1,0,1,NO,2,2,1,2
description-SP14-AW7-J-2-H,37,20,Female,NonNative,I,2,0,1,NO,2,2,3,1
description-SP14-AW7-K-2-L,37,21,Female,NonNative,I,1,0,0,NO,1,1,1,1
description-SP14-AW7-K-2-H,37,22,Female,NonNative,I,2,0,0,NO,1,1,1,2
description-SP14-AW7-L-1-L,8,23,Male,Native,I,1,0,0,OBJ,3,0,1,2
description-SP14-AW7-L-1-H,8,24,Male,Native,I,2,0,0,OBJ,3,0,1,4
description-SP17-AW7-A-1-L,11,1,Male,Native,I,1,1,0,NO,3,0,1,4
description-SP17-AW7-A-1-H,11,2,Male,Native,I,2,2,0,NO,3,0,1,1
description-SP17-AW7-B-1-L,11,3,Male,Native,I,1,0,0,NO,1,1,1,1
description-SP17-AW7-B-1-H,11,4,Male,Native,I,2,0,0,NO,1,1,1,1
description-SP17-AW7-D-1-L,11,7,Male,Native,I,1,0,0,NO,1,1,1,1
description-SP17-AW7-D-1-H,11,8,Male,Native,I,2,0,0,NO,1,1,1,1
description-SP17-AW7-E-1-L,11,9,Male,Native,I,1,0,0,NO,1,1,1,1
description-SP17-AW7-E-1-H,11,10,Male,Native,I,2,0,0,NO,1,1,1,3
description-SP17-AW7-F-1-L,11,11,Male,Native,I,1,0,1,NO,2,2,1,3
description-SP17-AW7-F-1-H,11,12,Male,Native,I,2,0,1,NO,2,2,1,1
description-SP17-AW7-H-1-L,11,15,Male,Native,I,1,0,0,NO,1,1,1,1
description-SP17-AW7-H-1-H,11,16,Male,Native,I,2,0,0,NO,1,1,1,3
description-SP17-AW7-I-1-L,11,17,Male,Native,I,1,0,1,NO,3,3,3,3
description-SP17-AW7-I-1-H,11,18,Male,Native,I,2,0,1,NO,3,3,3,1
description-SP17-AW7-J-1-L,11,19,Male,Native,I,1,0,0,NO,1,1,1,1
description-SP17-AW7-J-1-H,11,20,Male,Native,I,2,0,0,NO,1,1,1,1
description-SP17-AW7-K-1-L,11,21,Male,Native,I,1,0,0,OBJ,1,0,1,1
description-SP17-AW7-K-1-H,11,22,Male,Native,I,2,0,0,OBJ,1,0,1,1
description-SP17-AW7-L-1-L,11,23,Male,Native,I,1,0,0,NO,1,1,1,1
description-SP17-AW7-L-1-H,11,24,Male,Native,I,2,0,0,NO,1,1,1,1
description-SP18-AW7-A-2-L,40,10,Male,Native,S,1,0,0,NO,1,1,1,1
description-SP18-AW7-A-2-H,40,22,Male,Native,S,2,0,0,NO,1,1,1,1
description-SP18-AW7-B-1-L,12,3,Female,Native,I,1,0,0,NO,2,1,1,2
description-SP18-AW7-B-1-H,12,4,Female,Native,I,2,0,0,NO,2,1,1,1
description-SP18-AW7-C-1-L,12,5,Female,Native,I,1,0,0,NO,1,1,2,1
description-SP18-AW7-C-1-H,12,6,Female,Native,I,2,0,0,NO,1,1,2,1
description-SP18-AW7-D-1-L,12,7,Female,Native,I,1,0,0,NO,1,1,1,1
description-SP18-AW7-D-1-H,12,8,Female,Native,I,2,0,0,NO,1,1,1,1
description-SP18-AW7-E-1-L,12,9,Female,Native,I,1,0,0,LND,2,0,2,1
description-SP18-AW7-E-1-H,12,10,Female,Native,I,2,0,0,LND,2,0,1,4
description-SP18-AW7-F-1-L,12,11,Female,Native,I,1,0,0,OBJ,4,0,5,4
description-SP18-AW7-F-1-H,12,12,Female,Native,I,2,0,0,OBJ,4,0,4,1
description-SP18-AW7-G-1-L,12,13,Female,Native,I,1,0,0,OBJ,1,0,1,1
description-SP18-AW7-G-1-H,12,14,Female,Native,I,2,0,0,OBJ,1,0,1,1
description-SP18-AW7-G-2-L,37,17,Female,NonNative,I,1,0,0,OBJ,1,0,2,2
description-SP18-AW7-G-2-H,37,18,Female,NonNative,I,2,0,0,OBJ,1,0,2,1
description-SP18-AW7-J-1-L,12,19,Female,Native,I,1,0,0,NO,1,1,2,1
description-SP18-AW7-J-1-H,12,20,Female,Native,I,2,0,0,NO,1,1,2,1
description-SP18-AW7-K-1-L,12,21,Female,Native,I,1,0,0,NO,1,1,4,1
description-SP18-AW7-K-1-H,12,22,Female,Native,I,2,0,0,NO,1,1,1,4
description-SP18-AW7-L-1-L,12,23,Female,Native,I,1,0,0,NO,1,1,5,4
description-SP18-AW7-L-1-H,12,24,Female,Native,I,2,0,0,NO,1,1,4,1
description-SP19-AW7-B-1-L,13,3,Female,Native,I,1,0,0,NO,1,1,1,1
description-SP19-AW7-B-1-H,13,4,Female,Native,I,2,0,0,NO,1,1,1,4
description-SP19-AW7-F-1-L,13,11,Female,Native,I,1,1,0,OBJ,2,0,4,4
description-SP19-AW7-F-1-H,13,12,Female,Native,I,2,1,0,OBJ,2,0,4,1
description-SP19-AW7-G-1-L,13,13,Female,Native,I,1,0,0,NO,1,1,3,1
description-SP19-AW7-G-1-H,13,14,Female,Native,I,2,0,0,NO,1,1,4,2
description-SP19-AW7-L-1-L,13,23,Female,Native,I,1,0,0,OBJ,2,0,2,2
description-SP19-AW7-L-1-H,13,24,Female,Native,I,2,0,0,OBJ,2,0,2,2
description-SP19-AW7-L-2-L,37,23,Female,NonNative,I,1,0,0,OBJ,2,0,1,2
description-SP19-AW7-L-2-H,37,24,Female,NonNative,I,2,0,0,OBJ,2,0,3,1
description-SP23-AW7-A-1-L,17,1,Female,Native,I,1,0,0,NO,1,1,1,1
description-SP23-AW7-A-1-H,17,2,Female,Native,I,2,0,0,NO,1,1,1,3
description-SP23-AW7-C-1-L,17,5,Female,Native,I,1,0,1,NO,2,2,3,3
description-SP23-AW7-C-1-H,17,6,Female,Native,I,2,0,1,NO,2,2,3,1
description-SP23-AW7-D-1-L,17,7,Female,Native,I,1,0,0,NO,1,1,1,1
description-SP23-AW7-D-1-H,17,8,Female,Native,I,2,0,0,NO,1,1,1,3
description-SP23-AW7-F-1-L,17,11,Female,Native,I,1,1,0,NO,2,0,3,3
description-SP23-AW7-F-1-H,17,12,Female,Native,I,2,1,0,NO,2,0,4,1
description-SP23-AW7-G-1-L,17,13,Female,Native,I,1,0,0,OBJ,1,1,2,1
description-SP23-AW7-G-1-H,17,14,Female,Native,I,2,0,0,OBJ,1,1,3,3
description-SP23-AW7-H-1-L,17,15,Female,Native,I,1,0,1,NO,2,2,3,3
description-SP23-AW7-H-1-H,17,16,Female,Native,I,2,0,1,NO,2,2,3,3
description-SP23-AW7-I-1-L,17,17,Female,Native,I,1,0,1,NO,2,2,3,3
description-SP23-AW7-I-1-H,17,18,Female,Native,I,2,0,1,NO,2,2,3,1
description-SP23-AW7-J-1-L,17,19,Female,Native,I,1,0,0,NO,1,1,1,1
description-SP23-AW7-J-1-H,17,20,Female,Native,I,2,0,0,NO,1,1,1,2
description-SP23-AW7-K-1-L,17,21,Female,Native,I,1,0,0,OBJ,1,0,1,2
description-SP23-AW7-K-1-H,17,22,Female,Native,I,2,0,0,OBJ,1,0,1,1
description-SP23-AW7-L-1-L,17,23,Female,Native,I,1,0,0,NO,1,1,2,1
description-SP23-AW7-L-1-H,17,24,Female,Native,I,2,0,0,NO,1,1,5,1
description-SP22-AW7-A-1-L,16,1,Female,NonNative,I,1,0,0,NO,1,1,2,1
description-SP22-AW7-A-1-H,16,2,Female,NonNative,I,2,0,0,NO,1,1,2,2
description-SP22-AW7-B-1-L,16,3,Female,NonNative,I,1,1,0,NO,2,1,1,2
description-SP22-AW7-B-1-H,16,4,Female,NonNative,I,2,1,0,NO,2,1,1,1
description-SP22-AW7-D-1-L,16,7,Female,NonNative,I,1,0,0,NO,1,1,1,1
description-SP22-AW7-D-1-H,16,8,Female,NonNative,I,2,0,0,NO,1,1,1,2
description-SP22-AW7-E-1-L,16,9,Female,NonNative,I,1,0,0,OBJ,1,0,1,2
description-SP22-AW7-E-1-H,16,10,Female,NonNative,I,2,0,0,OBJ,1,0,1,1
description-SP22-AW7-G-1-L,16,13,Female,NonNative,I,1,0,0,NO,1,1,1,1
description-SP22-AW7-G-1-H,16,14,Female,NonNative,I,2,0,0,NO,1,1,1,3
description-SP22-AW7-H-1-L,16,15,Female,NonNative,I,1,0,1,OBJ,2,0,4,3
description-SP22-AW7-H-1-H,16,16,Female,NonNative,I,2,0,1,OBJ,2,0,4,3
description-SP22-AW7-H-2-L,38,15,Male,NonNative,I,1,0,1,OBJ,2,0,1,3
description-SP22-AW7-H-2-H,38,16,Male,NonNative,I,2,0,1,OBJ,2,0,1,1
description-SP22-AW7-J-1-L,16,19,Female,NonNative,I,1,0,0,NO,1,1,1,1
description-SP22-AW7-J-1-H,16,20,Female,NonNative,I,2,0,0,NO,1,1,1,2
description-SP22-AW7-K-1-L,16,21,Female,NonNative,I,1,0,0,OBJ,1,0,5,2
description-SP22-AW7-K-1-H,16,22,Female,NonNative,I,2,0,0,OBJ,1,0,5,1
description-SP22-AW7-K-2-L,40,8,Male,Native,S,1,0,0,NO,1,1,1,1
description-SP22-AW7-K-2-H,40,20,Male,Native,S,2,0,0,NO,1,1,1,1
description-SP22-AW7-L-1-L,16,23,Female,NonNative,I,1,0,0,NO,1,1,1,1
description-SP22-AW7-L-1-H,16,24,Female,NonNative,I,2,0,0,NO,1,1,1,1
description-SP21-AW7-A-1-L,15,1,Female,Native,I,1,0,0,NO,1,1,1,1
description-SP21-AW7-A-1-H,15,2,Female,Native,I,2,0,0,NO,1,1,2,1
description-SP21-AW7-B-1-L,15,3,Female,Native,I,1,0,0,NO,1,1,1,1
description-SP21-AW7-B-1-H,15,4,Female,Native,I,2,0,0,NO,1,1,2,1
description-SP21-AW7-C-1-L,15,5,Female,Native,I,1,0,0,NO,1,1,1,2
description-SP21-AW7-C-1-H,15,6,Female,Native,I,2,0,0,NO,1,1,2,1
description-SP21-AW7-D-1-L,15,7,Female,Native,I,1,0,0,NO,1,1,1,1
description-SP21-AW7-D-1-H,15,8,Female,Native,I,2,0,0,NO,1,1,1,1
description-SP21-AW7-E-1-L,15,9,Female,Native,I,1,0,0,NO,1,1,1,1
description-SP21-AW7-E-1-H,15,10,Female,Native,I,2,0,0,NO,1,1,1,3
description-SP21-AW7-F-1-L,15,11,Female,Native,I,1,0,1,NO,2,2,3,3
description-SP21-AW7-F-1-H,15,12,Female,Native,I,2,0,1,NO,2,2,3,1
description-SP21-AW7-G-1-L,15,13,Female,Native,I,1,0,0,NO,1,1,1,1
description-SP21-AW7-G-1-H,15,14,Female,Native,I,2,0,0,NO,1,1,2,1
description-SP21-AW7-H-1-L,15,15,Female,Native,I,1,0,0,NO,1,1,1,1
description-SP21-AW7-H-1-H,15,16,Female,Native,I,2,0,0,NO,1,1,1,3
description-SP21-AW7-I-1-L,15,17,Female,Native,I,1,0,1,NO,2,2,3,3
description-SP21-AW7-I-1-H,15,18,Female,Native,I,2,0,1,NO,2,2,3,1
description-SP21-AW7-J-1-L,15,19,Female,Native,I,1,0,0,NO,1,1,1,1
description-SP21-AW7-J-1-H,15,20,Female,Native,I,2,0,0,NO,1,1,2,3
description-SP21-AW7-K-1-L,15,21,Female,Native,I,1,0,1,NO,2,2,3,3
description-SP21-AW7-K-1-H,15,22,Female,Native,I,2,0,1,NO,2,2,3,1
description-SP21-AW7-L-1-L,15,23,Female,Native,I,1,0,0,NO,1,1,1,1
description-SP21-AW7-L-1-H,15,24,Female,Native,I,2,0,0,NO,1,1,1,3
description-SP20-AW7-A-1-L,14,1,Male,Native,I,1,0,1,OBJ,2,0,4,3
description-SP20-AW7-A-1-H,14,2,Male,Native,I,2,0,1,OBJ,2,0,4,1
description-SP20-AW7-B-1-L,14,3,Male,Native,I,1,0,0,NO,2,1,1,2
description-SP20-AW7-B-1-H,14,4,Male,Native,I,2,0,0,NO,2,1,2,3
description-SP20-AW7-C-1-L,14,5,Male,Native,I,1,0,1,NO,2,2,3,3
description-SP20-AW7-C-1-H,14,6,Male,Native,I,2,0,1,NO,2,2,3,1
description-SP20-AW7-D-1-L,14,7,Male,Native,I,1,0,0,NO,1,1,1,1
description-SP20-AW7-D-1-H,14,8,Male,Native,I,2,0,0,NO,1,1,1,3
description-SP20-AW7-E-1-L,14,9,Male,Native,I,1,0,1,NO,2,2,3,3
description-SP20-AW7-E-1-H,14,10,Male,Native,I,2,0,1,NO,2,2,3,3
description-SP20-AW7-F-1-L,14,11,Male,Native,I,1,0,1,NO,2,2,3,3
description-SP20-AW7-F-1-H,14,12,Male,Native,I,2,0,1,NO,2,2,3,1
description-SP20-AW7-G-1-L,14,13,Male,Native,I,1,0,0,NO,1,1,1,1
description-SP20-AW7-G-1-H,14,14,Male,Native,I,2,0,0,NO,1,1,1,1
description-SP20-AW7-H-1-L,14,15,Male,Native,I,1,0,0,NO,1,1,1,1
description-SP20-AW7-H-1-H,14,16,Male,Native,I,2,0,0,NO,1,1,1,3
description-SP20-AW7-I-1-L,14,17,Male,Native,I,1,0,1,NO,3,3,3,3
description-SP20-AW7-I-1-H,14,18,Male,Native,I,2,0,1,NO,3,3,3,2
description-SP20-AW7-J-1-L,14,19,Male,Native,I,1,1,0,NO,2,0,1,2
description-SP20-AW7-J-1-H,14,20,Male,Native,I,2,1,0,NO,2,0,1,1
description-SP20-AW7-K-1-L,14,21,Male,Native,I,1,0,0,NO,1,1,1,1
description-SP20-AW7-K-1-H,14,22,Male,Native,I,2,0,0,NO,1,1,1,3
description-SP20-AW7-L-1-L,14,23,Male,Native,I,1,0,1,NO,3,3,3,3
description-SP20-AW7-L-1-H,14,24,Male,Native,I,2,0,1,NO,3,3,3,1
description-SP24-AW7-A-1-L,19,1,Female,NonNative,I,1,0,0,NO,1,1,1,1
description-SP24-AW7-A-1-H,19,2,Female,NonNative,I,2,0,0,NO,1,1,2,1
description-SP24-AW7-A-2-L,38,1,Male,NonNative,I,1,0,0,NO,1,1,1,1
description-SP24-AW7-A-2-H,38,2,Male,NonNative,I,2,0,0,NO,1,1,1,1
description-SP24-AW7-B-1-L,19,3,Female,NonNative,I,1,0,0,NO,1,1,1,1
description-SP24-AW7-B-1-H,19,4,Female,NonNative,I,2,0,0,NO,1,1,1,1
description-SP24-AW7-D-1-L,19,7,Female,NonNative,I,1,0,0,NO,1,1,1,1
description-SP24-AW7-D-1-H,19,8,Female,NonNative,I,2,0,0,NO,1,1,2,3
description-SP24-AW7-F-1-L,19,11,Female,NonNative,I,1,0,1,NO,2,2,4,3
description-SP24-AW7-F-1-H,19,12,Female,NonNative,I,2,0,1,NO,2,2,4,2
description-SP24-AW7-G-1-L,19,13,Female,NonNative,I,1,0,0,OBJ,1,0,4,2
description-SP24-AW7-G-1-H,19,14,Female,NonNative,I,2,0,0,OBJ,1,0,4,1
description-SP24-AW7-H-1-L,19,15,Female,NonNative,I,1,0,0,NO,1,1,3,1
description-SP24-AW7-H-1-H,19,16,Female,NonNative,I,2,0,0,NO,1,1,3,3
description-SP24-AW7-J-1-L,19,19,Female,NonNative,I,1,1,0,NO,2,0,2,3
description-SP24-AW7-J-1-H,19,20,Female,NonNative,I,2,1,0,NO,2,0,2,3
description-SP24-AW7-L-1-L,19,23,Female,NonNative,I,1,0,1,NO,2,2,3,3
description-SP24-AW7-L-1-H,19,24,Female,NonNative,I,2,0,1,NO,2,2,3,2
description-SP25-AW7-A-1-L,36,1,Male,Native,S,1,0,0,OBJ,3,1,1,2
description-SP25-AW7-A-1-H,36,13,Male,Native,S,2,0,0,OBJ,3,1,1,1
description-SP25-AW7-B-1-L,36,2,Male,Native,S,1,0,0,NO,1,1,1,1
description-SP25-AW7-B-1-H,36,14,Male,Native,S,2,0,0,NO,1,1,1,1
description-SP25-AW7-C-1-L,36,3,Male,Native,S,1,0,0,NO,1,1,1,2
description-SP25-AW7-C-1-H,36,15,Male,Native,S,2,0,0,NO,1,1,1,3
description-SP25-AW7-E-1-L,36,5,Male,Native,S,1,0,1,NO,2,2,4,3
description-SP25-AW7-E-1-H,36,17,Male,Native,S,2,0,1,NO,2,2,4,2
description-SP25-AW7-F-1-L,36,6,Male,Native,S,1,0,0,OBJ,2,0,3,2
description-SP25-AW7-F-1-H,36,18,Male,Native,S,2,0,0,OBJ,2,0,3,1
description-SP25-AW7-G-1-L,36,7,Male,Native,S,1,0,0,NO,1,1,1,1
description-SP25-AW7-G-1-H,36,19,Male,Native,S,2,0,0,NO,1,1,1,1
description-SP25-AW7-J-1-L,36,10,Male,Native,S,1,0,0,OBJ,1,0,1,2
description-SP25-AW7-J-1-H,36,22,Male,Native,S,2,0,0,OBJ,1,0,1,2
description-SP25-AW7-K-1-L,36,11,Male,Native,S,1,0,0,ALL,1,0,5,2
description-SP25-AW7-K-1-H,36,23,Male,Native,S,2,0,0,ALL,1,0,5,5
description-SP25-AW7-L-1-L,36,12,Male,Native,S,1,0,0,OBJ,2,0,5,5
description-SP25-AW7-L-1-H,36,24,Male,Native,S,2,0,0,OBJ,2,0,5,1
description-SP26-AW7-A-1-L,20,1,Male,NonNative,I,1,0,0,NO,1,1,1,1
description-SP26-AW7-A-1-H,20,2,Male,NonNative,I,2,0,0,NO,1,1,2,1
description-SP26-AW7-B-1-L,20,3,Male,NonNative,I,1,0,0,NO,1,1,1,1
description-SP26-AW7-B-1-H,20,4,Male,NonNative,I,2,0,0,NO,1,1,3,3
description-SP26-AW7-C-1-L,20,5,Male,NonNative,I,1,0,1,NO,2,2,3,3
description-SP26-AW7-C-1-H,20,6,Male,NonNative,I,2,0,1,NO,2,2,5,1
description-SP26-AW7-D-1-L,20,7,Male,NonNative,I,1,0,0,NO,1,1,1,1
description-SP26-AW7-D-1-H,20,8,Male,NonNative,I,2,0,0,NO,1,1,1,1
description-SP26-AW7-G-1-L,20,13,Male,NonNative,I,1,0,0,NO,1,1,4,1
description-SP26-AW7-G-1-H,20,14,Male,NonNative,I,2,0,0,NO,1,1,5,2
description-SP26-AW7-H-1-L,20,15,Male,NonNative,I,1,0,0,NO,1,1,2,2
description-SP26-AW7-H-1-H,20,16,Male,NonNative,I,2,0,0,NO,1,1,2,1
description-SP26-AW7-J-1-L,20,19,Male,NonNative,I,1,0,0,NO,1,1,1,1
description-SP26-AW7-J-1-H,20,20,Male,NonNative,I,2,0,0,NO,1,1,1,5
description-SP26-AW7-K-1-L,20,21,Male,NonNative,I,1,1,0,NO,1,0,5,5
description-SP26-AW7-K-1-H,20,22,Male,NonNative,I,2,1,0,NO,1,0,5,1
description-SP26-AW7-L-1-L,20,23,Male,NonNative,I,1,0,0,OBJ,1,0,1,1
description-SP26-AW7-L-1-H,20,24,Male,NonNative,I,2,0,0,OBJ,1,0,3,2
description-SP27-AW7-A-1-L,21,1,Male,NonNative,I,1,0,0,OBJ,1,0,3,2
description-SP27-AW7-A-1-H,21,2,Male,NonNative,I,2,0,0,OBJ,1,0,3,1
description-SP27-AW7-B-1-L,21,3,Male,NonNative,I,1,0,0,NO,1,1,1,1
description-SP27-AW7-B-1-H,21,4,Male,NonNative,I,2,0,0,NO,1,1,3,1
description-SP27-AW7-D-1-L,21,7,Male,NonNative,I,1,0,0,NO,1,1,1,1
description-SP27-AW7-D-1-H,21,8,Male,NonNative,I,2,0,0,NO,1,1,1,2
description-SP27-AW7-E-1-L,21,9,Male,NonNative,I,1,0,0,NO,1,1,1,2
description-SP27-AW7-E-1-H,21,10,Male,NonNative,I,2,0,0,NO,1,1,1,3
description-SP27-AW7-F-1-L,21,11,Male,NonNative,I,1,0,1,NO,2,2,3,3
description-SP27-AW7-F-1-H,21,12,Male,NonNative,I,2,0,1,NO,2,2,3,1
description-SP27-AW7-G-1-L,21,13,Male,NonNative,I,1,0,0,NO,1,1,1,1
description-SP27-AW7-G-1-H,21,14,Male,NonNative,I,2,0,0,NO,1,1,4,1
description-SP27-AW7-H-1-L,21,15,Male,NonNative,I,1,0,0,NO,1,1,1,1
description-SP27-AW7-H-1-H,21,16,Male,NonNative,I,2,0,0,NO,1,1,1,3
description-SP27-AW7-I-1-L,21,17,Male,NonNative,I,1,0,1,NO,3,3,3,3
description-SP27-AW7-I-1-H,21,18,Male,NonNative,I,2,0,1,NO,3,3,3,3
description-SP27-AW7-J-1-L,21,19,Male,NonNative,I,1,0,0,NO,1,1,1,3
description-SP27-AW7-J-1-H,21,20,Male,NonNative,I,2,0,0,NO,1,1,1,1
description-SP27-AW7-K-1-L,21,21,Male,NonNative,I,1,0,0,NO,1,1,1,1
description-SP27-AW7-K-1-H,21,22,Male,NonNative,I,2,0,0,NO,1,1,1,1
description-SP27-AW7-L-1-L,21,23,Male,NonNative,I,1,0,0,NO,1,1,1,1
description-SP27-AW7-L-1-H,21,24,Male,NonNative,I,2,0,0,NO,1,1,3,1
description-SP28-AW7-A-1-L,22,1,Male,NonNative,I,1,0,0,NO,1,1,1,1
description-SP28-AW7-A-1-H,22,2,Male,NonNative,I,2,0,0,NO,1,1,1,2
description-SP28-AW7-B-1-L,22,3,Male,NonNative,I,1,0,0,NO,1,1,1,2
description-SP28-AW7-B-1-H,22,4,Male,NonNative,I,2,0,0,NO,1,1,2,1
description-SP28-AW7-C-1-L,22,5,Male,NonNative,I,1,0,0,NO,1,1,1,1
description-SP28-AW7-C-1-H,22,6,Male,NonNative,I,2,0,0,NO,1,1,1,1
description-SP28-AW7-D-1-L,22,7,Male,NonNative,I,1,0,0,NO,1,1,1,1
description-SP28-AW7-D-1-H,22,8,Male,NonNative,I,2,0,0,NO,1,1,1,1
description-SP28-AW7-F-1-L,22,11,Male,NonNative,I,1,0,0,NO,1,1,1,2
description-SP28-AW7-F-1-H,22,12,Male,NonNative,I,2,0,0,NO,1,1,2,1
description-SP28-AW7-G-1-L,22,13,Male,NonNative,I,1,0,0,NO,1,1,1,1
description-SP28-AW7-G-1-H,22,14,Male,NonNative,I,2,0,0,NO,1,1,1,1
description-SP28-AW7-H-1-L,22,15,Male,NonNative,I,1,0,0,NO,1,1,1,1
description-SP28-AW7-H-1-H,22,16,Male,NonNative,I,2,0,0,NO,1,1,1,1
description-SP28-AW7-I-1-L,22,17,Male,NonNative,I,1,0,0,NO,1,1,1,2
description-SP28-AW7-I-1-H,22,18,Male,NonNative,I,2,0,0,NO,1,1,1,1
description-SP28-AW7-J-1-L,22,19,Male,NonNative,I,1,0,0,NO,1,1,1,1
description-SP28-AW7-J-1-H,22,20,Male,NonNative,I,2,0,0,NO,1,1,1,1
description-SP28-AW7-K-1-L,22,21,Male,NonNative,I,1,0,0,NO,1,1,1,1
description-SP28-AW7-K-1-H,22,22,Male,NonNative,I,2,0,0,NO,1,1,1,1
description-SP28-AW7-L-1-L,22,23,Male,NonNative,I,1,0,0,NO,1,1,1,1
description-SP28-AW7-L-1-H,22,24,Male,NonNative,I,2,0,0,NO,1,1,1,1
description-SP29-AW7-A-1-L,27,1,Female,NonNative,S,1,0,0,NO,1,1,1,1
description-SP29-AW7-A-1-H,27,13,Female,NonNative,S,2,0,0,NO,1,1,1,2
description-SP29-AW7-B-1-L,27,2,Female,NonNative,S,1,0,0,NO,1,1,2,2
description-SP29-AW7-B-1-H,27,14,Female,NonNative,S,2,0,0,NO,1,1,2,2
description-SP29-AW7-C-1-L,27,3,Female,NonNative,S,1,0,0,OBJ,2,0,2,2
description-SP29-AW7-C-1-H,27,15,Female,NonNative,S,2,0,0,OBJ,2,0,2,1
description-SP29-AW7-C-2-L,40,3,Male,Native,S,1,0,0,NO,1,1,1,1
description-SP29-AW7-C-2-H,40,15,Male,Native,S,2,0,0,NO,1,1,1,2
description-SP29-AW7-C-3-L,38,5,Male,NonNative,I,1,0,0,NO,1,1,1,2
description-SP29-AW7-C-3-H,38,6,Male,NonNative,I,2,0,0,NO,1,1,1,2
description-SP29-AW7-D-1-L,27,4,Female,NonNative,S,1,0,0,OBJ,1,0,1,2
description-SP29-AW7-D-1-H,27,16,Female,NonNative,S,2,0,0,OBJ,1,0,1,1
description-SP29-AW7-D-2-L,38,7,Male,NonNative,I,1,0,0,NO,1,1,1,1
description-SP29-AW7-D-2-H,38,8,Male,NonNative,I,2,0,0,NO,1,1,1,3
description-SP29-AW7-E-1-L,27,5,Female,NonNative,S,1,0,1,NO,2,2,3,3
description-SP29-AW7-E-1-H,27,17,Female,NonNative,S,2,0,1,NO,2,2,3,3
description-SP29-AW7-F-1-L,27,6,Female,NonNative,S,1,0,1,NO,2,2,3,3
description-SP29-AW7-F-1-H,27,18,Female,NonNative,S,2,0,1,NO,2,2,3,1
description-SP29-AW7-G-1-L,27,7,Female,NonNative,S,1,0,0,NO,1,1,1,1
description-SP29-AW7-G-1-H,27,19,Female,NonNative,S,2,0,0,NO,1,1,2,3
description-SP29-AW7-H-1-L,27,8,Female,NonNative,S,1,0,1,NO,2,2,3,3
description-SP29-AW7-H-1-H,27,20,Female,NonNative,S,2,0,1,NO,2,2,3,1
description-SP29-AW7-J-1-L,27,10,Female,NonNative,S,1,0,0,NO,1,1,1,1
description-SP29-AW7-J-1-H,27,22,Female,NonNative,S,2,0,0,NO,1,1,1,1
description-SP29-AW7-K-1-L,27,11,Female,NonNative,S,1,0,0,NO,1,1,1,1
description-SP29-AW7-K-1-H,27,23,Female,NonNative,S,2,0,0,NO,1,1,1,1
description-SP29-AW7-L-1-L,27,12,Female,NonNative,S,1,0,0,NO,1,1,1,1
description-SP29-AW7-L-1-H,27,24,Female,NonNative,S,2,0,0,NO,1,1,1,1
description-SP30-AW7-A-1-L,28,1,Female,Native,S,1,0,0,NO,1,1,2,1
description-SP30-AW7-A-1-L,29,1,Male,NonNative,S,1,0,0,NO,1,1,2,1
description-SP30-AW7-A-1-L,30,1,Male,Native,S,1,0,0,NO,1,1,1,1
description-SP30-AW7-A-1-H,28,13,Female,Native,S,2,0,0,NO,1,1,5,1
description-SP30-AW7-A-1-H,29,13,Male,NonNative,S,2,0,0,NO,1,1,2,1
description-SP30-AW7-A-1-H,30,13,Male,Native,S,2,0,0,NO,1,1,4,1
description-SP30-AW7-B-1-L,28,2,Female,Native,S,1,0,0,NO,1,1,1,1
description-SP30-AW7-B-1-L,29,2,Male,NonNative,S,1,0,0,NO,1,1,5,1
description-SP30-AW7-B-1-L,30,2,Male,Native,S,1,0,0,NO,1,1,1,1
description-SP30-AW7-B-1-H,28,14,Female,Native,S,2,0,0,NO,1,1,5,1
description-SP30-AW7-B-1-H,29,14,Male,NonNative,S,2,0,0,NO,1,1,1,1
description-SP30-AW7-B-1-H,30,14,Male,Native,S,2,0,0,NO,1,1,1,1
description-SP30-AW7-D-1-L,28,4,Female,Native,S,1,0,0,NO,1,1,1,1
description-SP30-AW7-D-1-L,29,4,Male,NonNative,S,1,0,0,NO,1,1,1,1
description-SP30-AW7-D-1-L,30,4,Male,Native,S,1,0,0,NO,1,1,1,1
description-SP30-AW7-D-1-H,28,16,Female,Native,S,2,0,0,NO,1,1,4,1
description-SP30-AW7-D-1-H,29,16,Male,NonNative,S,2,0,0,NO,1,1,1,1
description-SP30-AW7-D-1-H,30,16,Male,Native,S,2,0,0,NO,1,1,1,1
description-SP30-AW7-E-1-L,28,5,Female,Native,S,1,0,0,OBJ,10,0,4,5
description-SP30-AW7-E-1-L,29,5,Male,NonNative,S,1,0,0,OBJ,10,0,5,5
description-SP30-AW7-E-1-L,30,5,Male,Native,S,1,0,0,OBJ,10,0,5,5
description-SP30-AW7-E-1-H,28,17,Female,Native,S,2,0,0,OBJ,10,0,5,5
description-SP30-AW7-E-1-H,29,17,Male,NonNative,S,2,0,0,OBJ,10,0,4,5
description-SP30-AW7-E-1-H,30,17,Male,Native,S,2,0,0,OBJ,10,0,5,5
description-SP30-AW7-F-1-L,28,6,Female,Native,S,1,0,0,ALL,0,0,5,5
description-SP30-AW7-F-1-L,29,6,Male,NonNative,S,1,0,0,ALL,0,0,5,5
description-SP30-AW7-F-1-L,30,6,Male,Native,S,1,0,0,ALL,0,0,3,5
description-SP30-AW7-F-1-H,28,18,Female,Native,S,2,0,0,ALL,0,0,4,5
description-SP30-AW7-F-1-H,29,18,Male,NonNative,S,2,0,0,ALL,0,0,4,5
description-SP30-AW7-F-1-H,30,18,Male,Native,S,2,0,0,ALL,0,0,4,5
description-SP30-AW7-G-1-L,28,7,Female,Native,S,1,0,0,OBJ,1,0,1,2
description-SP30-AW7-G-1-L,29,7,Male,NonNative,S,1,0,0,OBJ,1,0,5,2
description-SP30-AW7-G-1-L,30,7,Male,Native,S,1,0,0,OBJ,1,0,1,2
description-SP30-AW7-G-1-H,28,19,Female,Native,S,2,0,0,OBJ,1,0,4,2
description-SP30-AW7-G-1-H,29,19,Male,NonNative,S,2,0,0,OBJ,1,0,1,2
description-SP30-AW7-G-1-H,30,19,Male,Native,S,2,0,0,OBJ,1,0,1,2
description-SP30-AW7-H-1-L,28,8,Female,Native,S,1,0,1,OBJ,2,0,3,3
description-SP30-AW7-H-1-L,29,8,Male,NonNative,S,1,0,1,OBJ,2,0,5,3
description-SP30-AW7-H-1-L,30,8,Male,Native,S,1,0,1,OBJ,2,0,5,3
description-SP30-AW7-H-1-H,28,20,Female,Native,S,2,0,1,OBJ,2,0,5,3
description-SP30-AW7-H-1-H,29,20,Male,NonNative,S,2,0,1,OBJ,2,0,3,3
description-SP30-AW7-H-1-H,30,20,Male,Native,S,2,0,1,OBJ,2,0,5,3
description-SP30-AW7-I-1-L,28,9,Female,Native,S,1,0,0,ALL,0,0,1,2
description-SP30-AW7-I-1-L,29,9,Male,NonNative,S,1,0,0,ALL,0,0,5,2
description-SP30-AW7-I-1-L,30,9,Male,Native,S,1,0,0,ALL,0,0,5,2
description-SP30-AW7-I-1-H,28,21,Female,Native,S,2,0,0,ALL,0,0,5,2
description-SP30-AW7-I-1-H,29,21,Male,NonNative,S,2,0,0,ALL,0,0,2,2
description-SP30-AW7-I-1-H,30,21,Male,Native,S,2,0,0,ALL,0,0,5,2
description-SP30-AW7-J-1-L,28,10,Female,Native,S,1,0,0,OBJ,10,0,1,2
description-SP30-AW7-J-1-L,29,10,Male,NonNative,S,1,0,0,OBJ,10,0,5,2
description-SP30-AW7-J-1-L,30,10,Male,Native,S,1,0,0,OBJ,10,0,1,2
description-SP30-AW7-J-1-H,28,22,Female,Native,S,2,0,0,OBJ,10,0,5,2
description-SP30-AW7-J-1-H,29,22,Male,NonNative,S,2,0,0,OBJ,10,0,2,2
description-SP30-AW7-J-1-H,30,22,Male,Native,S,2,0,0,OBJ,10,0,1,2
description-SP30-AW7-K-1-L,28,11,Female,Native,S,1,0,0,NO,1,1,4,1
description-SP30-AW7-K-1-L,29,11,Male,NonNative,S,1,0,0,NO,1,1,5,1
description-SP30-AW7-K-1-L,30,11,Male,Native,S,1,0,0,NO,1,1,1,1
description-SP30-AW7-K-1-H,28,23,Female,Native,S,2,0,0,NO,1,1,5,1
description-SP30-AW7-K-1-H,29,23,Male,NonNative,S,2,0,0,NO,1,1,4,1
description-SP30-AW7-K-1-H,30,23,Male,Native,S,2,0,0,NO,1,1,1,1
description-SP30-AW7-L-1-L,28,12,Female,Native,S,1,1,0,OBJ,2,0,1,4
description-SP30-AW7-L-1-L,29,12,Male,NonNative,S,1,1,0,OBJ,2,0,5,4
description-SP30-AW7-L-1-L,30,12,Male,Native,S,1,1,0,OBJ,2,0,1,4
description-SP30-AW7-L-1-H,28,24,Female,Native,S,2,1,0,OBJ,2,0,5,4
description-SP30-AW7-L-1-H,29,24,Male,NonNative,S,2,1,0,OBJ,2,0,2,4
description-SP30-AW7-L-1-H,30,24,Male,Native,S,2,1,0,OBJ,2,0,1,4
description-SP31-AW7-A-1-L,31,1,Female,NonNative,S,1,0,0,NO,1,1,1,1
description-SP31-AW7-A-1-H,31,13,Female,NonNative,S,2,0,0,NO,1,1,1,1
description-SP31-AW7-B-1-L,31,2,Female,NonNative,S,1,0,0,NO,1,1,1,1
description-SP31-AW7-B-1-H,31,14,Female,NonNative,S,2,0,0,NO,1,1,1,1
description-SP31-AW7-C-1-L,31,3,Female,NonNative,S,1,0,0,NO,1,1,1,2
description-SP31-AW7-C-1-H,31,15,Female,NonNative,S,2,0,0,NO,1,1,2,2
description-SP31-AW7-D-1-L,31,4,Female,NonNative,S,1,0,0,NO,1,1,1,1
description-SP31-AW7-D-1-H,31,16,Female,NonNative,S,2,0,0,NO,1,1,1,1
description-SP31-AW7-E-1-L,31,5,Female,NonNative,S,1,0,0,OBJ,1,0,2,2
description-SP31-AW7-E-1-H,31,17,Female,NonNative,S,2,0,0,OBJ,1,0,1,2
description-SP31-AW7-E-2-L,40,12,Male,Native,S,1,0,0,NO,1,1,1,1
description-SP31-AW7-E-2-H,40,24,Male,Native,S,2,0,0,NO,1,1,1,1
description-SP31-AW7-F-1-L,31,6,Female,NonNative,S,1,0,0,NO,1,1,1,1
description-SP31-AW7-F-1-H,31,18,Female,NonNative,S,2,0,0,NO,1,1,2,1
description-SP31-AW7-G-1-L,31,7,Female,NonNative,S,1,0,0,NO,1,1,1,1
description-SP31-AW7-G-1-H,31,19,Female,NonNative,S,2,0,0,NO,1,1,1,1
description-SP31-AW7-J-1-L,31,10,Female,NonNative,S,1,0,0,NO,1,1,1,1
description-SP31-AW7-J-1-H,31,22,Female,NonNative,S,2,0,0,NO,1,1,1,1
description-SP31-AW7-K-1-L,31,11,Female,NonNative,S,1,0,0,NO,1,1,1,2
description-SP31-AW7-K-1-H,31,23,Female,NonNative,S,2,0,0,NO,1,1,1,2
description-SP31-AW7-L-1-L,31,12,Female,NonNative,S,1,0,0,NO,1,1,1,2
description-SP31-AW7-L-1-H,31,24,Female,NonNative,S,2,0,0,NO,1,1,2,2
description-SP32-AW7-A-1-L,32,1,Male,NonNative,S,1,0,0,NO,1,1,1,1
description-SP32-AW7-A-1-H,32,13,Male,NonNative,S,2,0,0,NO,1,1,1,1
description-SP32-AW7-B-1-L,32,2,Male,NonNative,S,1,0,0,NO,1,1,1,1
description-SP32-AW7-B-1-H,32,14,Male,NonNative,S,2,0,0,NO,1,1,1,1
description-SP32-AW7-B-2-L,38,3,Male,NonNative,I,1,0,0,NO,1,1,1,1
description-SP32-AW7-B-2-H,38,4,Male,NonNative,I,2,0,0,NO,1,1,1,1
description-SP32-AW7-D-1-L,32,4,Male,NonNative,S,1,0,0,NO,1,1,1,1
description-SP32-AW7-D-1-H,32,16,Male,NonNative,S,2,0,0,NO,1,1,1,1
description-SP32-AW7-E-1-L,32,5,Male,NonNative,S,1,0,0,OBJ,1,0,4,2
description-SP32-AW7-E-1-H,32,17,Male,NonNative,S,2,0,0,OBJ,1,0,4,2
description-SP32-AW7-F-1-L,32,6,Male,NonNative,S,1,0,1,NO,2,2,3,3
description-SP32-AW7-F-1-H,32,18,Male,NonNative,S,2,0,1,NO,2,2,3,3
description-SP32-AW7-G-1-L,32,7,Male,NonNative,S,1,0,0,NO,1,1,2,1
description-SP32-AW7-G-1-H,32,19,Male,NonNative,S,2,0,0,NO,1,1,2,1
description-SP32-AW7-H-1-L,32,8,Male,NonNative,S,1,0,0,NO,1,1,1,1
description-SP32-AW7-H-1-H,32,20,Male,NonNative,S,2,0,0,NO,1,1,1,1
description-SP32-AW7-I-1-L,32,9,Male,NonNative,S,1,0,1,NO,2,2,3,3
description-SP32-AW7-I-1-H,32,21,Male,NonNative,S,2,0,1,NO,2,2,3,3
description-SP32-AW7-J-1-L,32,10,Male,NonNative,S,1,0,0,LND,2,0,5,3
description-SP32-AW7-J-1-H,32,22,Male,NonNative,S,2,0,0,LND,2,0,4,3
description-SP32-AW7-J-2-L,40,7,Male,Native,S,1,0,0,NO,1,1,1,1
description-SP32-AW7-J-2-H,40,19,Male,Native,S,2,0,0,NO,1,1,1,1
description-SP32-AW7-K-1-L,32,11,Male,NonNative,S,1,0,0,OBJ,1,0,5,2
description-SP32-AW7-K-1-H,32,23,Male,NonNative,S,2,0,0,OBJ,1,0,5,2
description-SP32-AW7-L-1-L,32,12,Male,NonNative,S,1,0,0,NO,1,1,1,1
description-SP32-AW7-L-1-H,32,24,Male,NonNative,S,2,0,0,NO,1,1,1,1
description-SP33-AW7-A-1-L,33,1,Female,NonNative,S,1,0,0,NO,1,1,2,1
description-SP33-AW7-A-1-H,33,13,Female,NonNative,S,2,0,0,NO,1,1,1,1
description-SP33-AW7-B-1-L,33,2,Female,NonNative,S,1,0,0,NO,1,1,1,1
description-SP33-AW7-B-1-H,33,14,Female,NonNative,S,2,0,0,NO,1,1,1,1
description-SP33-AW7-C-1-L,33,3,Female,NonNative,S,1,0,0,NO,1,1,2,2
description-SP33-AW7-C-1-H,33,15,Female,NonNative,S,2,0,0,NO,1,1,3,2
description-SP33-AW7-D-1-L,33,4,Female,NonNative,S,1,0,0,NO,1,1,1,1
description-SP33-AW7-D-1-H,33,16,Female,NonNative,S,2,0,0,NO,1,1,1,1
description-SP33-AW7-E-1-L,33,5,Female,NonNative,S,1,0,0,NO,1,1,4,1
description-SP33-AW7-E-1-H,33,17,Female,NonNative,S,2,0,0,NO,1,1,2,1
description-SP33-AW7-F-1-L,33,6,Female,NonNative,S,1,0,0,NO,1,1,3,1
description-SP33-AW7-F-1-H,33,18,Female,NonNative,S,2,0,0,NO,1,1,3,2
description-SP33-AW7-G-1-L,33,7,Female,NonNative,S,1,0,0,NO,1,1,1,1
description-SP33-AW7-G-1-H,33,19,Female,NonNative,S,2,0,0,NO,1,1,2,1
description-SP33-AW7-H-1-L,33,8,Female,NonNative,S,1,0,0,NO,1,1,1,1
description-SP33-AW7-H-1-H,33,20,Female,NonNative,S,2,0,0,NO,1,1,2,1
description-SP33-AW7-I-1-L,33,9,Female,NonNative,S,1,0,1,NO,2,2,5,3
description-SP33-AW7-I-1-H,33,21,Female,NonNative,S,2,0,1,NO,2,2,5,3
description-SP33-AW7-J-1-L,33,10,Female,NonNative,S,1,0,0,NO,1,1,1,1
description-SP33-AW7-J-1-H,33,22,Female,NonNative,S,2,0,0,NO,1,1,2,1
description-SP33-AW7-K-1-L,33,11,Female,NonNative,S,1,0,0,NO,1,1,5,1
description-SP33-AW7-K-1-H,33,23,Female,NonNative,S,2,0,0,NO,1,1,5,1
description-SP33-AW7-L-1-L,33,12,Female,NonNative,S,1,0,0,OBJ,2,0,3,4
description-SP33-AW7-L-1-H,33,24,Female,NonNative,S,2,0,0,OBJ,2,0,5,4
description-SP33-AW7-L-2-L,40,9,Male,Native,S,1,0,0,OBJ,0,0,4,4
description-SP33-AW7-L-2-H,40,21,Male,Native,S,2,0,0,OBJ,0,0,4,4
description-SP34-AW7-A-1-L,34,1,Female,Native,S,1,0,0,NO,1,1,1,1
description-SP34-AW7-A-1-H,34,13,Female,Native,S,2,0,0,NO,1,1,1,1
description-SP34-AW7-D-1-L,34,4,Female,Native,S,1,0,0,NO,1,1,1,1
description-SP34-AW7-D-1-H,34,16,Female,Native,S,2,0,0,NO,1,1,1,1
description-SP34-AW7-E-1-L,34,5,Female,Native,S,1,0,1,NO,2,2,3,3
description-SP34-AW7-E-1-H,34,17,Female,Native,S,2,0,1,NO,2,2,4,3
description-SP34-AW7-F-1-L,34,6,Female,Native,S,1,0,1,OBJ,2,0,3,3
description-SP34-AW7-F-1-H,34,18,Female,Native,S,2,0,1,OBJ,2,0,4,3
description-SP34-AW7-G-1-L,34,7,Female,Native,S,1,0,0,NO,1,1,2,1
description-SP34-AW7-G-1-H,34,19,Female,Native,S,2,0,0,NO,1,1,1,2
description-SP34-AW7-J-1-L,34,10,Female,Native,S,1,0,0,NO,1,1,2,1
description-SP34-AW7-J-1-H,34,22,Female,Native,S,2,0,0,NO,1,1,1,1
description-SP34-AW7-K-1-L,34,11,Female,Native,S,1,0,0,NO,1,1,1,1
description-SP34-AW7-K-1-H,34,23,Female,Native,S,2,0,0,NO,1,1,1,1
description-SP34-AW7-L-1-L,34,12,Female,Native,S,1,0,1,OBJ,2,0,3,3
description-SP34-AW7-L-1-H,34,24,Female,Native,S,2,0,1,OBJ,2,0,5,3
description-SP35-AW7-A-1-L,35,1,Female,Native,S,1,0,0,LND,1,1,1,1
description-SP35-AW7-A-1-H,35,13,Female,Native,S,2,0,0,LND,1,1,1,1
description-SP35-AW7-D-1-L,35,4,Female,Native,S,1,0,0,OBJ,1,0,1,2
description-SP35-AW7-D-1-H,35,16,Female,Native,S,2,0,0,OBJ,1,0,2,2
description-SP35-AW7-E-1-L,35,5,Female,Native,S,1,0,0,NO,1,1,1,1
description-SP35-AW7-E-1-H,35,17,Female,Native,S,2,0,0,NO,1,1,1,1
description-SP35-AW7-G-1-L,35,7,Female,Native,S,1,0,0,NO,1,1,1,1
description-SP35-AW7-G-1-H,35,19,Female,Native,S,2,0,0,NO,1,1,1,1
description-SP35-AW7-H-1-L,35,8,Female,Native,S,1,0,0,NO,1,1,1,1
description-SP35-AW7-H-1-H,35,20,Female,Native,S,2,0,0,NO,1,1,1,1
description-SP35-AW7-I-1-L,35,9,Female,Native,S,1,0,0,OTH,6,0,4,4
description-SP35-AW7-I-1-H,35,21,Female,Native,S,2,0,0,OTH,6,0,4,4
description-SP35-AW7-J-1-L,35,10,Female,Native,S,1,0,0,NO,1,1,1,1
description-SP35-AW7-J-1-H,35,22,Female,Native,S,2,0,0,NO,1,1,1,1
description-SP35-AW7-K-1-L,35,11,Female,Native,S,1,0,0,NO,1,1,1,1
description-SP35-AW7-K-1-H,35,23,Female,Native,S,2,0,0,NO,1,1,1,1
description-SP35-AW7-L-1-L,35,12,Female,Native,S,1,0,0,OBJ,2,0,1,2
description-SP35-AW7-L-1-H,35,24,Female,Native,S,2,0,0,OBJ,2,0,2,2
